{
    "Control": {
        "ColorResolution": "1600*1200",
        "FrameRate": 5,
        "IRGmmCorrectionEnabled": false,
        "IRGmmCorrectionThreshold": 50,
        "IRGmmGain": 64,
        "WorkMode": "ActiveMode",
        "depthColorMapMax": 3192,
        "depthColorMapMin": 1
    },
    "ExposureTime": {
        "Color_ExposureMode": "Auto",
        "Color_ExposureTime": 70000,
        "HDR_Mode": false,
        "ToF_ExposureMode": "Manual",
        "ToF_ExposureTime": 126
    },
    "Filter": {
        "ConfidenceFilter": true,
        "ConfidenceFilter_Threshold": 15,
        "Fillhole": true,
        "FlyingPixelFilter": true,
        "FlyingPixelFilter_Threshold": 5,
        "SpatialFilter": false,
        "TimeFilter": true,
        "TimeFilter_Threshold": 3
    }
}
